,BN,PBN,DBN,MTi-GBLUP,MTr-GBLUP
DB,0.49,0.48,,,0.508240773725767
PH_30,0.53,0.52,0.47,0.5643726506355871,0.56525543231622
PH_45,0.59,0.59,0.57,0.6208522288267049,0.621443011049361
PH_60,0.72,0.72,0.51,0.7430946995490558,0.7427673714080749
PH_75,0.7,0.69,0.53,0.722256543061309,0.7215997402916271
PH_90,0.67,0.67,0.51,0.701717906716705,0.701301567408895
PH_105,0.67,0.66,0.52,0.6950605164830871,0.694738635739226
PH_120,0.61,0.6,0.47,0.645516103082031,0.645556109702268
